809927403615256576	En definitiva! Me qued√© sin campo para ir a Tacares, ya que me hab√≠a mentalizado y ya hasta quer√≠a ir #percebe	N
796040775364710400	@dianalaa32 Es una escena de uno de los documentales m√°s respetados sobre naturaleza ('Planet Earth' de la BBC). Dudo que sea montado.	P
802912779854352384	Qu√© feo es tener que terminar con alguien; y m√°s cuando las dos personas a√∫n se aman pero el entorno no es favorable.	N
800835505717972992	O√≠do en McDonalds "el mejor mannequin challenge que he visto hasta ahora es el que ha venido haciendo este gobierno desde hace dos a√±os"	N
791640101751230464	Tengo que aceptar que me esta hundiendo el consumismo con la nueva Macbook Pro, la Gopro Hero 5, el Gopro Karma y el Nintendo Switch	NEU
758451150349664256	Mmm no quiero hacer spoiler pero hoy va a ver algo nuevo en el canal,lo podras ver en el nuevo video que subire en unas horas	NEU
760715780732354561	@itsdylanjos yo solo las cucas	NEU
800388250942709760	@Adri_hdezv Bby muy duro la verdad	N
801870717969174529	@_AlejandroDP no estoy en la zona roja	NEU
814853214050906112	Quiero como tener carro para hacer todo r√°pido	NEU
815439552038977537	Tristeza m√°s hp me da siempre en a√±o nuevo	N
817032173689696257	@sancarlena77 @miguelpintor05 @demalaspalabras sip, te entend√≠ por tu tuit anterior	NEU
811219074059476992	@eebenitez_ Jajaja es muy triste esto, pero ya hoy consigo otro	P
813467340713193472	@ignaciosolisw ya yo voy de vuelta, pero le dej√© la pampa lind√≠sima	P
814710034236080128	@BrujaMalvada_ no tengo en la casa apenas entre, te mando uno as√≠ jaja	NEU
808870364856090625	ma√±ana tengo el d√≠a libre y no tengo nada m√°s que hacer que dormir	P
815388797747666944	@Jovel_Alvarez no s√© si a todos les funcione pero ¬°nosotros s√≠ que lo vemos cumplido!	P
811086379199397889	Para mi mam√° toda la ropa que escojo es fea hasta que me la ve puesta	NEU
801958572213108737	@vesamo13 ok, vea el lado positivo, tiene un motivo para hacerle drama el resto de si vida.	P
802227237000978432	En mi pueblo anda una patrulla de @fuerzapublicaCR recolectando alimentos no perecederos. En mi casa ya donamos #CostaRicaUnida	P
811617569295699968	Se me rompi√≥ el pantal√≥n horizontalmrnnte por el muslo hasta debajo de la nalga... Ya estoy a la moda	N
798239489734807552	@ESPN_FDJ Soy de CR estudiante de periodismo me encanta el √°mbito deportivo los admiro y sue√±o con conocerlos, porfaa? #FDJPuraVida	P
790913130545057792	No me niegues, Se√±or, tu misericordia; que siempre me protejan tu amor y tu verdad. Salmos 40:11 Buen d√≠a a todos	P
792520091204222980	Primer vez en a√±os que no tengo plan de Halloween, difraz, nada... solo quiero terminar de estudiar r√°pido y ver el partido	NEU
796767254872489984	Estoy toda estresada para el examen de ma√±ana como que si lo fuese a perder jaja Pero ya pas√© el curso y todo	NEU
786728406633156608	Ma√±ana tengo examen de qu√≠mica e ingl√©s, y aqu√≠ estoy acostada, con el celular, conciente de que no se ni que temas me entran	N
756520939492302849	Maes, la vida es una mierda: est√©n felices o no. Mejor sonr√≠an y aprovechen el tiempo. Estar amargado no la va a hacer menos mierda.	NEU
774723515995914240	Acabo de ver una chamaca con un piercing de mota en el ombligo. Lo peor es que tiene cara de que lo que fuma es jam√≥n	N
762419931371622400	Delicioso @ San Rafael Ezcazu	P
759198767451025408	@AnaVM @Katagelon fijo est√° demasiado hermoso	P
812196050903728128	Qu√© rico el silencio de mi cuarto	P
808491123559845889	Mis lunes no volver√°n a ser iguales @Luis_GadeaA	NEU
813972029267410944	Lo extra√±o demasiado! 5 d√≠as es demasiado para m√≠	N
813907408120672258	No me arrepiento de nada ah Ojal√° tuviera dinero infinito	NEU
808901597615034372	@charlie10cr seguro las productoras estaban centradas en traer los de siempre	N
813541810853310464	@cotarola Te mando un abrazo. Vienen d√≠as duros, pero se superan eventualmente	P
816042138014253056	Estoy viendo #Bridegroom en Netflix y me tiene de un puro moco, v√©anla!	P
800576201244995584	11.46PM y tengo hambre, mejor me acuesto ya por que la panader√≠a est√° cerrada	N
812752893946236928	@KimberlyReyesC4 Como te digo, come maaaas y en mi casa s√≥lo estamos mam√° y yo	NEU
813596007481167872	Me voy ma√±ana para la playa, confiando que el sol me quite esta gripe tan horrible.	P
800830813650743296	@valealfaroq Yo ando en las mismas, pero no tanto dolor sino inflamaci√≥n y parezco embarazada. ¬°Qu√© horror!	N
801607174636077056	@Brenes0791 Yo estoy super ansiosa, el asueto me da la tranquilidad de estar con mis pap√°s, nada m√°s	N
800443454547521544	Que se hace cuando mi mam√° tiene facebook, y no me da pelota por estar metida en el celular.	N
795852476205465600	Tengo que aprender a no prestar mis cosas, porque al parecer a todas se les hace muy divertido nunca devolverlas	N
796715835888988160	Cuando yo vi al Pipi aqu√≠ en la conferencia de prensa casi lloro como ese ni√±o Pero solo estaba ah√≠ temblando	NEU
802298017617326080	@ASuicideBoy me siento muy identificada con tus tweet y vi tu cuenta porque mi mejor amiga aveces da rt a tus cosas	P
798593094409211904	@avargas10785 yo hago eso, sino nadie contesta, as√≠ ven que no es mi culpa que no se muevan las cosas, perd√≥n por vivir	NEU
768160329486495744	Hoy tengo 2 preguntas existenciales...1) ¬øPor qu√© hoy esta haciendo TANTO fr√≠o? y 2) ¬øPorque me volvi√≥ a dar hipo despu√©s de tantos a√±os?	NEU
784254527365013504	La vara es que ya tengo como 3 quiz, una eici√≥n, dos ex√°menes, un ensayo, y lo peor es que mis vacaciones ya casi acaban	N
762833657526497281	@byCoba con agua, hielo regularmente para que se mantenga fresca y un poquito de az√∫car a la semana, me han durado hasta m√°s de 1 mes.	P
763042513913544705	Nos encanta hacerte feliz @rubndu	P
798320488619577344	Que buena vibra me transmite @Cocofunka	P
817864316372348928	no encuentro ninguna buena serie en NF.	N
812433686750756864	@cmfluisangel ...Misionero ideal, Oh Claret! ...109 beatos nuevos	P
817069708927266816	@Alphasniper97 Alpha suerte y ten un feliz a√±o 2017	P
808862160994664448	Cada vez que veo a esa muchacha est√° m√°s guapa	P
811195457657569280	@msalgadocr de fijoooo. Y luego juntos olvidamos que fuimos a Palmares	NEU
814193006739918848	@Chelo1478 porque si digo que quiero mam√≥n chino me dicen una vulgaridad	N
813854554001436677	@zeroanima Esto me hizo feliz pero aun mas triste por no poder teletrabajar	N
801513687848779777	Que bonito, la lluvia regresa cuando me toca ir por mi Hermanita al Kinder	N
811955602046013440	@edgumaco me acuerdo de la cl√≠nica Norza, el Peri, las casas en lotes llobet da√±adas	NEU
809286148916920320	@Ka_Arroyo_ jajaja yo nunca spoileo, eso lo odio pero le recomiendo no meterse a Tw ma√±ana	P
800765569880522752	Hola, @latrwn1. En este momento no lo tenemos, pero como siempre: queda encargado para el pr√≥ximo pedido	NEU
801978181167288320	@gaby_mata25 La voz sepsi que debe tener Que dicha Gaby! Ya el lunes regresar√° "con toda la pata"	P
801890405939867649	@AnDiGu Hola, me dijo que estaba bien, fuertes aguaceros y mucho viento pero todo bajo control. Gracias por preguntar	P
796260285220843521	@jdclarke y que el mae no sea tan desastroso como aparent√≥ durante la campa√±a. Hope is all we have left	N
798747276466384896	@LovatoMyLight jajaja exacto! Esta todo igual solo que mas serio pero nada de declaraciones aun. Solo que siempre nos decimos asi.	NEU
796852759572217860	Jaja Trump en los primeros 3 meses se va a traer abajo el TLC nos vamos a ir todos a la mierda	N
808498787182317569	@SoulsTRK @youcaring ¬°COMO QUISIERA AYUDAR! Pero no puedo soy menor y no tengo tarjeta y mucho menos dinero si tuviera ¬°le dar√≠a todo!!	N
778387007831552000	@GaboJimenex jajaja. Yo me pegu√© el susto de la vida, y luego la espera por meterlo al taller de iCon. Pero ya est√° vivo.	NEU
782939496413212672	Mi consejo de hoy es: Si quieres que esa persona tan especial para ti nunca te olvide, p√≠dele dinero prestado y nunca se lo pagues	NEU
772264329433509888	@doriamdiaz El de Halfon de Germinal se ve mortal. Y los de Mary Jo Bang se fueron volando, pero todav√≠a quedan. En Duluoz hay de Salcedo	P
756618178650923008	Parce yo estoy igual @PaisaVlogs	NEU
800475290464043009	Ay la canci√≥n de tercer cielo	NEU
812354803485540352	Amo la nueva canci√≥n de Sof√≠a Reyes	P
813911552172625921	Cuando queres comprar muchas cosas pero eres pobre	N
814536151952461824	Si ocupan gente para una mejenga yo estoy disponible	NEU
814670953611460608	@argmau deben ser mejores las que no me hacen menchon	P
815954242070609922	@nubecina @grassengel pero no est√°n en el cant√≥n central de SJO	NEU
809428087935004672	Buen d√≠a @Dr_ivrecagu muchas gracias por su comentario, es un gusto servirle.	P
812166030462160897	Me da tanta playada tener que ponerle el cono de nuevo a whiska	N
806955308408934400	@Fressia_Montero ¬øpor qu√© ? ¬°Ten√©s 9 d√≠as, actividades y muchas pel√≠culas disponibles para asistir!	P
800768688270020608	Maldita lluvia me mata mi negocio. As√≠ nadie quiere ba√±ar ni sacar a los perros.	N
800719427125833728	El tren cada media hora es un mito urbano, no ha pasado el de las 9	NEU
800773852783644672	Veo que s√≠ la depresi√≥n tropical se convierte en hurac√°n se llamar√° Otto. Que comience el MemeFest!	N
810540437819760642	Ayer me dieron una botella y le pegue un trago pensando que era yin o Fresca gracias marifer	N
801577371476299776	@Maluavi @edmed82 @figuerescr invitad√≠simo a hacer las cosas diferente, hay que involucrarse y dar espacios a la mejor gente.	NEU
797532460884037632	Hoy tenemos la secci√≥n "De su propia voz" y es por parte del grupo @limite21 ¬øQu√© nos contar√°n? Descubr√≠lo en‚Ä¶	NEU
799128741393920000	Mi imposible quiere irse a Europa. Yo ten√≠a peque√±as esperanzas sabiendo que era imposible, pero ahora se las lleva para Europa	N
796200964684468225	@SalgueroMoya por cada acci√≥n cometi√≥ como 4 delitos a la vez. Eso se llama concurso ideal. O material. Ya no me acuerdo	NEU
796208842640097280	No es posible que Trump vaya ganando las elecciones y que yo a√∫n no me gane una pizza de @OterosPizza. ¬°¬øQu√© es esto?!	N
796855421424324613	Nunca me he ganado nada con @PizzaHutCRC y que chuzo ser√≠a probar la nueva pizza esta tarde liberiana est√° como para la Crown Pizza	P
762980998762012672	Y las emergencias? La gente que necesita ir a hospitales? Los que esperan cita desde hace a√±os? Ahhh no! Yo apoyo el paro nacional jijis	N
776158675476090880	@FranzUgarte @UnAutenticoCule asi tiene que ser .. yo m alegro solo si el barca pierde en algo qe influya a madrid cmo la liga ayer tuani	P
768225400254111744	@NoilyMV yo soy totalmente puntual	NEU
796328841052618752	@natyrodriguez Demasiada decepci√≥n con la humanidad	N
807779949998391296	@Izzytica @Unodien regla de los 3 segundos	NEU
812762537938788352	@moriuper hola! No, ya no hay m√°s sur	NEU
816038188607242240	Ser productora radiof√≥nica es lo mejor de la vida	P
810599314213011456	@victorA_perez Ah bueno, gracias por estar taaaan pendiente de nosotros	P
811231191332487169	@Jey_Gut Aun no tenemos fechas definidas, pero te avisamos apenas sepamos	NEU
812111423102926851	@Leiva89 lo puse y v√≠ la INT de Manning. Est√° empezando igual	NEU
812906523936587776	Pens√© hacer algo con Bel√©n y machu, pero de nuevo me dejaron sola	N
807004656069132289	O mejor que me digan "vamos a comer un helado" y ya.. Ocupo salir	NEU
811614576861216768	Que chiva pasar debajo del puente de la platina, siempre he querido ...es en serio.	P
801122512776073216	tengo como 10 horas de estar mareado y con ganas de vomitar, ya esta bueno verdad.	N
809950354611826688	Me hace sentir tan bien al ver a mi ex y no sentir absolutamente nada por el	P
801070468677648384	Mi mam√° me dice que no vaya al col√©, en serio que la amo. Pero tengo que ir	P
798206253541584896	Adquir√≠ @semrush_es para un sitio que abarcara 10 pa√≠ses y hasta el momento me ha parecido una excelente herramienta.	P
794724597220446210	@valeub25 pues s√≠, s√© lo que se siente. Pero pi√©nselo como el √∫ltimo esfuerzo, que ya ahorita llegan las vacaciones	P
803418254819651584	Men @RedstoneKnarias no nos eliques mas de porque pierdes, porque a nosotros lo unico que nos importa es divertirnos viendote jugar.	N
786464649239752704	@mhariprada Por lo menos lo tenes ah√≠. No me acuerdo la √∫ltima vez que yo vi al m√≠o (amo esa canci√≥n, btw)	NEU
767154504647139328	@JArmandoCS ¬øVos tambi√©n estabas? Ay que triste nombres s√≠, yo estaba durmiendo, para ir a clase hoy a las 7:30am ¬°¬°Te extra√±o beb√©!!	N
762076127376515073	@MicroCoAnSh seamos sinceros: Mi rostro inocente y un: Amigo, no me pod√©s abrir? Es que perd√≠ las llaves y mi roommate no contesta Abre	NEU
782096477183148032	En "X" gimnasio me iban a cobrar como 330mil colones en un a√±o. No me matricul√© y estoy haciendo las matem√°ticas para el siguiente viaje	NEU
785015004647030784	@D4rkusPl4y ah era hoy? ma√±ana durante el d√≠a puede llamarme y con mucho gusto a plena luz del d√≠a no en lo oscurito en barrios mierda	N
808357021909192705	@MauHCorona Lo normal es aburrido.	NEU
800547473341218816	@francellabrenes Rajado, y mientras llega ac√°	N
801504187314016256	@cris525cr que todo les salga muy bonito	P
813077435386302468	Tener grandes eectativas a futuro, eso es vida	P
812910113963048960	Feliz navidad, feliz navidad, feliz navidad y feliz navidad	P
814907771829239808	Ayer llor√© viendo a @AlexBadilla en el snap que playada	N
812110006564831234	@conejoceni01 d√≠game que no es caro porque ya estoy bien pobre	NEU
808473316520562688	Feliz termin√© cuatri fue un √©xito . Ahora sue√±o con algo grande	P
809169530731823106	@Lalusa @moboza @Andrey_Amador errar es d humanos. no debe d pasar a m√°s.	P
796781652454338560	Como cuando soy muy chineada y me traen almuerzo al trabajo  Gracias @Antrckstr	P
813584750380204034	Envidio de buena manera a los que tienen la oportunidad de ir ma√±ana al estadio	P
802071121084514304	@tvnnoticias No para esa hora. Es devastador el efecto de #OttoCR en mi pa√≠s en realidad	N
800366436904562688	No mames lo triste Gabriel Badilla y por el corazon! El miedo que me dan esas cosas.	N
808530298799587329	Hoy llegu√© 50 minutos tarde a clases. Fui literalmente solo 10 minutos. Dur√© 2hrs35min llegando a la U.	N
809561788824059906	@AzulAlytaSoy nombs cu√°l tercera. Yo voy a muchas actividades de @bnmascerca en el a√±o, ya van m√°s de tres	NEU
797224842567315456	Me encontr√© una tarjeta pegada en el cajero y llam√© al banco para reportarla, la due√±a puede estar tranquila #whatgoesaroundcomesaround	NEU
793251112283353088	@JosePB17 su mam√° va??? Yo tambi√©n voy . Pero fijo ya ella no se acuerda de mi y yo soy distraida	NEU
808341965188333568	Y si comemos crepas con una bebida de caf√© O un smoothie Hoy habr√° feria navide√±a y nuestra Esparza se pone d‚Ä¶	P
759229676669792257	Llego a la casa a las 9:20 caminando, no hay comida, todos est√°n dormidos, ma√±ana tengo clases a las 8am, todo esta bien	N
757258941210382340	"Mae ma√±ana llego a las 10, cuidado te quedas dormida porque a las 10 estoy ah√≠" -Liena, se qued√≥ dormida y no ha llegado.	N
799600564283801600	Me estaba sacando las cejas y como se me ocurren cosas geniales decid√≠ arrancarme una pesta√±a y ahora me duele el p√°rpado y se hinch√≥	N
780014158708215808	Todos quer√≠amos ver las 2 ticas juntas en la final pero as√≠ es esto , ahora le toca a lei q avanza a la final #VISSLAISAworldjuniors	N
799482352384741376	Hoy me desvelo de nuevo	NEU
769270495971770368	@sancarlena77 @frankgrs nunca dije lo contrario	NEU
815326818479775744	@jatenas @Amareto Abrazote enorme!! Sos un √©xito!	P
802002493328785409	@conoche repollo Ud √∫ltimamente como que muy amargo	N
814456696194080768	@CNCOmusic reggaeton lento la canci√≥n del fin de a√±o	NEU
809599585001816064	@LisethBriceno rajado que si, lo voy a extra√±ar un poquito	N
811080053866057728	@vrandrd bueno igual la ver√© porque el protagonista es muy guapo	P
813521592462540800	@KaroRC4 hay unos que son casi misi√≥n imposible pero est√° super lindo	P
811041345288732672	@AfichesManudos Con las rayas m√°s gruesas, me gusta Pumas sabe lo que hace	P
794571617166704640	¬°Ya tenemos ganadora! Felicidades @IsabelGarbanzo Nos hablamos por mensaje. ¬°Gracias a todos por participar!	P
801682432231702529	En Curridabat muy calmado, ni una gota de agua y hasta caliente est√° 20¬∞v... #nomegusta	N
801863340414955521	Juro que el pr√≥ximo cuatri busco aparta con alguien no puedo con esto de estar sola	N
809846303534514177	Necesito ir a mi hogar y dormir con mis dos hijos peludos y Kabek y su gripe	N
798261817260863488	@solounrobot @TVyNovelasMex ¬øSer√° solo digital entonces? ¬°Perfecto! De verdad much√≠simas gracias Un abrazo desde Costa Rica. ¬°Pura vida!	P
796303545674899456	No s√© ni qu√© leer para tratar de entender lo que va a pasar. Todas mis fuentes usuales fallaron	N
805546029877698560	Lo peor de recibir clases en un restaurante es el fuerte olor a comida y el hambre que me tengo.	N
795646557655826432	En una propuesta/solicitud de servicio lo que debe quedar muy claro son los ENTREGABLES. Si esto no est√° claro, habr√° problemas.	NEU
808067430014656512	@eldiariodedross Mandale un saludito a Jonathan Duarte que esta en el hospital pasandola mal con una operacion, y solo ver tu videos	NEU
803207109051564033	@MonumentalCR Buenos d√≠as, un √©xito su maratonica, yo me sum√© y s√© que van a llevar mucha alegr√≠a a personas que est√°n sufriendo	P
808122577818439688	Que triste cuando uno anda en una actividad y no tiene con quien bailar me ver√© muy rara bachateando sola en media pista ?	N
807016182679097344	Esa lagartija tiene que haber estado muy enamorada de mi perrito. Canta llam√°ndolo a la misma hora a diario y √©l hace mucho se fue	P
773378686301016065	@josdav17 nunca hacen nada, hasta que exista seg√∫n ellos m√°s evidencia o sea aparecer m√°s de 4 veces al d√≠a en tu casa no es v√°lido	N
807798427421704192	@Chuletta diay. Estuvo bonito. 5comentarios	P
801189905112174592	Se lesiona Bale antes del cl√°sico	N
808896048680861696	@HenAubSol17 yo estoy igual... Hoy pequ√© feo	N
808489751816929280	@ReinerJosueUH que raro, el m√≠o si es real	NEU
814995688723456001	@JuanamartinezH Seguirme es lo √∫nico que tienes que hacer.	NEU
812688090015772672	Desayuno guanacasteco Hoy es Nochebuena, hoy damos vueltita por Nicoya	P
801651061928972288	@KimSalas21 La vida conspira en contra de uno, que injusto jaja.	N
811453924830023681	Mi hermano y yo convertimos el comedor principal en un caf√© internet	NEU
812132464919506944	Quiero amigos que le gusten mis gustos musicales, ya tengo pero viven largo	NEU
800897542041047040	@Erito0513 Shi, pero como el a√±o pasado no jajaja ah creo que no fuiste	NEU
811638449077948416	@Bejardo ahh no eso fijo... Pero en este caso en especifico hablo solamente de vestimenta	NEU
797115537910333441	Mis primos se fueron para cancun hoy, adivinen quien no fue por ser la unica -18?	N
806906404112134146	Malparidos! Malditos! Malnacidos! Ya hay carta de Lillie en "Full Art" y todo y de Serena nada	N
809374283306827777	@XiniaCH Xinia de mi vida ten√≠a toda la intenci√≥n pero se me hizo imposible al final del d√≠a	NEU
795862004519104513	@BreNdiiuXx @BaldiHotSpring1 ya se no quer√≠a salirme de las aguas termales ma√±ana voy a Monteverde a ver que tal	P
808194490435571712	@ysareth LA delicia! Mi mam√° casi no me deja meter a los gatos Pero les encanta dormir aqu√≠ cuando pueden	NEU
802374903299239936	@Oski_1991 Si o sea, el cel no me interesa tanto pero las cosas que ten√≠a ah√≠ eran irremplazables Gracias por escribir.	NEU
786237591569825792	@ilejarza ¬°Es el mejor! Espero con emoci√≥n ese disco nuevo y deseo tener tiempo para digerir toda la discograf√≠a antes de morir.	P
760357231913119744	Viendo Looking, Queers as Folk y as√≠, me doy cuenta que nunca he tenido un grupo de mejores amigos gays. ¬øalguien me adopta?	P
808444195266510848	FAV si crees que me gustan los penes (como no soy famoso y nadie le va a dar FAV pues tendre la consciencia limpia)	NEU
774595982600253441	El amanecer respirando o2 puro, es m√°s que un regalo... m√°s si es a las 6:00 am frente al mar... preparando la mente con meditaci√≥n.	P
797442154998198272	Ya no es tan divertido	N
808342410543726594	Buen d√≠a @adruari ya le seguimos	P
810948277957001216	Llevaba tiempo de no estar tan quemada	N
801576904981626883	@massiel_ml amiga siiii y la pobresa extrema sigue	NEU
812914757019779076	@__el_Negro ah mae que duro eso en este d√≠a	N
810126945807699968	@gaby_mata25 @LuisEs22 Fue la √∫ltima vez que fuimos al cine	NEU
801084134525456384	@AndreaVasRo @vulturgryphus Otra decepci√≥n... (me estoy haciendo la v√≠ctima dram√°tica, obvio)	N
801648039345745920	Mis anteojos est√°n demasiado flojos y eso que tienen meses de comprados	N
809259678505046018	@valeriazumbado Esto es lo m√°s triste :! Pero espero que el 24 s√≠	N
808189213392982016	Por dicha solo me volvi√≥ a ver y sigui√≥ durmiendo, pero me dio l√°stima	N
800884833509658624	@anamablaba buena idea, anis, pero ellos saben que yo ni un pancake puedo hacer bien	NEU
807117733531963392	Hoy ser√° un d√≠a muy largo, y mi √∫ltimo d√≠a siendo un pilluelo de 21 a√±os	N
798366463639900160	NUNCA dejen el Snapchat abierto en el celular de la mam√°, creo hoy duermo en la calle	N
804050118412562432	Pero en realidad soy mucho menos amargada, maldita y juega de viva de lo que parece. Lo prometo.	P
796809889171603456	Otra vez quieren desnaturalizar el tema #BienestarAnimal, dejando en el texto de iniciativa popular s√≥lo a perros y gatos.	N
796938734851751936	@nitamar26 @PizzaHutCRC el problema que ya no hay 2x1 en grandes ni tampoco los puntos Hut, son dos p√©simas noticias	N
792817450555437057	@presenteausente *suspira* puse picadillo de chayote con molida y maiz dulce, arroz con frijoles, y un bistec, as√≠ a lo sencillo	NEU
785649591911714816	...para regalar. As√≠ que si alguien est√° interesado pueden buscarlo tipo 12md cerca de la plaza de la cultura, donde suele estar.	NEU
787975897664004096	@Phoenix2124 si si, prendieron fuego !! La √∫nica que me sab√≠a la cantaron cuando estaba haciendo fila en el ba√±o 1 gusto conocerte!!	P
787887162389766144	@gabrielselva_cr ah√≠ estaba, bueno en el descanso no, me fui a mojar hasta los palcos del frente para hablar con los privados de libertad	NEU
802362941953736708	@titabobra aquel se√±or amigo suyo hizo un numerito hoy de esos que le encanta hacer. Otro d√≠a en que la ginebra empez√≥ a fluir temprano!	NEU
797201498379812864	Hoy es un buen diaaaa	P
809432817696378880	@fabian05_p perdida ya no tomo coca.	NEU
797640962952622080	@silviauc_cr charita que ya no canto igual	N
809223061157400576	Espero que mi jefe me de ma√±ana libre	P
811212211410583552	Mami se acaba de ir y ya la extra√±o	N
809382645754957825	Toda mi familia va a estar dormida en mi graduaci√≥n	N
810870164233261056	@_Star_Vader tanto libro chiva que hay Y buen punto... Comida entonces	P
801509591121068037	Si la U cerr√≥ todo... entonces yo estoy libre hasta el lunes	NEU
812448341468545026	Ma√±ana que entonces? -Yo buscando donde pasar navidad por que me dejaron solo	NEU
802339920023027712	Senasa NECESITA casas cuna, ap√∫ntense no hay suficiente presupuesto para todos los animalito afectados	NEU
796289138936844289	El Turrialba me odia, en definitiva, es el mil√©simo ataque de asma en el semestre	N
798304922399895553	Cuando hago desordenes con el horario de la comida me agarra un dolor de cabeza permanente	N
811786773537968128	@Jefersonserrano @luisricardo_28 @danielugalde07 @Stedich7 nombres yo llego hasta las 10:30 s√°bado a las 7 AM mejor jajaja	NEU
809390134403747840	Amanec√≠ lleno de la comilona anoche en el #BNOpenHouse ...pero siempre hay campo para m√°s . A desayunar	P
804718720715255809	Este a√±o m√°s que otros ocupo trabajar esta temporada navide√±a, ocupo plataaaaaa! Si alguien sabe de algo me avisa	NEU
808139453021777920	Me encanta la olla de carne pero no me gusta que por ser sopa no me mantenga llena bastante tiempo	NEU
797865894001180672	Mi familia ya empez√≥ con villancicos a todo volumen 24/7 y yo que tenia mi musica puesta y me la quitaron	NEU
776589176934281216	Mis tenis fueron las primeras en ser compradas y no han llegado todo el mundo con tenis nuevas y yo aqu√≠, zad.	N
790060482035974144	Me siento m√°s ignorada que de costumbre lo bueno es que soy estudiante universitaria y en vez de lamentarme puedo aprovechar el tiempo	P
773525753082187776	El amor es paciente, es bondadoso, no es envidioso ni orgulloso, no es ego√≠sta, no guarda rencor. 1 Corintios 13:4-5 Buen d√≠a a todos	P
761195957903953920	@AnaVM llego tarde, soy huge fan la empec√© en el 2000, crec√≠ con ella sube y cae tiene de todo como toda serie, temporadas favoritas...	P
786788822377910272	Erito es una mala persona	N
808210014494228480	@meel_solis estamos en la misma lucha	NEU
809178498103439362	Soy el ser m√°s distra√≠do del mundo	N
800909913715310592	@emacavi @ViuditaCR como dijo ud Algo Similar entonces.	NEU
809267386717274112	@hippielandsoul Yo defend√≠a un poquito el 2016, ya no.	N
811407432421404673	Y nos vamos encontrando a un ex en el hotel...	NEU
802158982353788929	Que triste todo este cierre de a√±o para mi üá®üá∑ linda	N
808888543338778624	Ser√≠a la mejor compa√±√≠a para Marce y Osquitar  Bueno y yo	P
809274124820512768	ojala que te de un bloqueo mas grande que el de mi cel	N
808669749022519300	@Ana_AvilaM hmmmm no s√©, a√∫n las siento pegadas en el cielo de la boca	NEU
806923376728150018	Y en el caf√© son√≥ "Son In√∫". Y hasta los que est√°bamos sentados, nos meneamos	P
806687497619206144	¬°Tambi√©n tenemos tradici√≥n #costarricense! Por supuesto! #Cajeta de leche con almendras! La m√°s rica de todas!!‚Ä¶	P
794715441486766084	Estos d√≠as me he so√±ado con el accidente varias veces Incre√≠ble el trauma que generan estas cosas!	N
802971994950160389	Hasta ahora me entero de que existe la carrera de "investigador de animaci√≥n japonesa", he desperdiciado mi vida	N
793164052847484928	La vez pasada hice una amiga de ba√±o en el Club. Se llamaba Naomi. Saludos Naomi, te tengo presente.	P
808012377312600064	@andrea___cr @ccssdecostarica Ufff... hay una discusi√≥n enorme sobre esto. La Cl√≠nica Mayo dej√≥ de hacerlas por a√±os por los resultados	NEU
802742656841314305	@laqvienedelsol @PilarAcuna Yo la dej√© como 3 a√±os y ahora volv√≠. El d√≠a que termine del todo empezar√© un largo duelo	NEU
796393637479325696	Escucho a @HillaryClinton porque no me aguant√© y no puedo creer a√∫n que hayan elegido sobre ella a @realDonaldTrump Es realmente triste.	N
792950601533394944	@Javiercd18 Jajaja es que te pones a buscar defectos en una buena iniciativa de redes Yo tambi√©n te quiero y me haces falta.	P
792625137396744192	Si me hubieran pagado el viernes estar√≠a fuertemente de fiesta, pero no aqu√≠ estoy acostado en mi cama como 168 colones en la tarjeta	N
792824638409629696	Lo que extra√±o de no vivir con mi tia es que ya no puedo ir a la playa o de peda con mis primos favs	NEU
786129263002918912	Que feo estar sin celular	N
806343202315898882	@AleArguelloF ojal√° sigan juntos mucho tiempo	P
810670660867526656	Juegos de p√≥lvora y mi perrito asustado	N
811819332581859328	Todav√≠a no me he comido un maldito tamal	N
802031513302867968	@GLOri_177 Gloria, ¬øen serio? Es muy probable, qu√© triste.	N
810824587361525760	Que dicha que hay trabajo y salud y vacaciones tambi√©n	P
811628327609966593	@WancitoCubero @ericsolanog Me uno a la triste historia de no vacas	N
800449161032241152	Badilla era tan tan guapo que sent√≠ feo cuando me di cuenta	N
811657609887543296	¬°¬°EL PUEBLO M√ÅS BONITO DE ESPA√ëA 2016!! Enhorabuena @viniegradeabajo S√≥lo Rioja, s√≥lo bueno	P
807042479505764353	@arlynerl03 Y si me corrigen es como... "Tr√°game tierra y ll√©vame directo al infierno"	N
806977846950428672	.@FannyLu dice que "Llorar es una locura" ¬øQue opin√°s? Si dec√≠s ¬°S√≠! entonces a cantar	P
808708745194799104	@afranchesqui @marhegu S√≠, tambi√©n he le√≠do quejas en twitter sobre la interacci√≥n social en los buses.	NEU
806970411242160128	@MedioEnSalsaCR Por supuesto que no le importo a nadie. Soy hombre, eurodescendiente, heterosexual y cat√≥lico. cc @titabobra	N
798520354264137728	@edgumaco yo siempre deseo eso y cuando estoy libre;como hoy&gt; ando desde temprano dando vueltas y sin sue√±o	N
796827048899710977	@LauraPausini y su canci√≥n: Se non te #VIDEO Publicado el 10 Nov del 2013 y aqu√≠ te lo compartimos	NEU
787984763713826816	Entr√≥ a trabajar a la 1:30 p.m y yo en San Carlos Mi t√≠o cree que voy a llegar puntual.	NEU
787049955206627328	Ahora que trabajo tiempo completo me siento tan merecedora de los viernes como que tengo derecho a cantar The Cure (	P
805506932538806272	Despu√©s de una semana comiendo en M√©xico a un precio rid√≠culo... lo √∫ltimo q har√≠a es ir a la Feria Gasto-n√≥mica #lluviaencasa	N
793311843045380096	@_Star_Vader Si, no hay que perder la esperanza jaja, digamos tuve muchas eectativas con alguien pero no se dio y tome por gordo	P
798226790539923457	@Residente y fui a buscarte xq hab√≠as agarrado x otra calle, venias hacer un concierto, y bueno pues te encontr√© al final! Jeje saludos	P
771140523562143744	Ahorita me van a cambiar las ligas de los brakets, Tengo alfajores argentinos en mi bulto, tengo hambre , ¬øQU√â HAGO? no puedo esperar m√°s	NEU
786047229492539393	@NellaZ Listo! Muchas gracias Nella	NEU
803289620268072960	Ya estoy estresada de esperar resultados	N
812059929213366273	Ya no me quiero mover Est√∫pidos aeropuertos.	N
810694264946618368	@joharoversi ja ja pero est√° precioso el condenado.	P
808876462212317188	Me corte el pelo y me siento demasiado pelona	N
810326683169521664	Vamos a pasar a√±o nuevo a la playa No? Bueno	NEU
802264821165096960	En enero la ropa est√° m√°s barata por si no sab√≠an	NEU
798329898746015745	@DraHongo y son adorables, pero diay... Ya no hay nada que hacer	NEU
801647312036646912	Yo solo estoy pensando en proteger a mis gatos y a la perrita	NEU
809507631538860034	Quiero que en serio me paguen para poder irme a rayar la otra semana	NEU
800476895167057924	Lamentable lo de Badilla... un sentido pesame para sus hijas que se quedan sin pap√°	N
802721540076761090	Hoy hice el gol de mi vida, perdimos 8-1 pero hice el gol de mi vida	P
797149716794540036	He pasado toda la ma√±ana metida en Google Maps viendo Costa Rica. Pero no hay Street View.	N
796788190279598080	@MauFonseca11 @FexCR el otro muchacho que es nieto del se√±or de las galletitas, siempre tuvo una dulce navidad	NEU
805879457806487552	@cinn_gc10 Un chivi que hace videos y es m√°s toc√°ndose el cabello que video haciendo "algo divertido o entretenido".	NEU
784583239742713860	@KamilaR94 i told you mi bater√≠a es un rid√≠culo, un 10% dura 5 minutos ahora. necesito que arreglen esto ya	N
785811619204964353	@MonumentalCR buenos d√≠as, √∫ltimo d√≠a laboral, me voy a vacaciones una semana. √âxitos en sus vidas y que sean muy felices	P
775331950290542594	Por la ma√±ana hazme saber de tu gran amor, porque en ti he puesto mi confianza. Salmos 143:8 Buen d√≠a a todos	P
786416898204393473	Ma√±ana debuto en percusi√≥n para leones chinos, ya puedo dejar de ser una samulnorian frustrada. Aunque el traje de Samulnori es m√°s lindo	NEU
806152341749698561	@HolaSoyBataa Pero interrumpiste en mi sue√±o, perd√≠ el sue√±o en ese momento y gracias a ti no fui a trabajar porque me quede dormida	N
792973675364388864	@Emilio_Botas cuidado y se enamora de la suegra, porque vieras que se√±ora y que mano tiene para la cocina, y dicen qe panza llena coraz√≥n	P
805516843876319232	Que ladilla, yo soy chevere	P
810322496079757312	Estoy as√≠ de no salir hoy.	N
801638200334811137	@NeneAlfaroB Am√©n! En serio hay q hacerlo	NEU
800380922491269120	@welcometofridda jajajaja ya en serio me haces falta	N
811803758560768001	Hoy tuve mi primera premier y fue un √©xito	P
811193408878481408	Ayer inicie con mi proyecto de hacerme mi propia huerta	NEU
800869473246793728	desde hoy en la pura ma√±anita no veo a mi pap√°	N
810700953620021248	@wkCArlos yo soy igual Jajajaja trat√≥ de evitarlo pero no lo logro	NEU
801653978991886336	@andynuinsa @NachoSantos7 me dejo congelado. Por algo es el amo de los ratings!!!	P
805585062867693568	@itsshirrley hizo un tiempazo en una ruta desafiante, ¬°felicidades! Es muy muy campeona Ô∏è	P
797094392725204993	Me acaban de confundir con un estudiante universitario... es el mejor "buenos d√≠as" de todos	P
805929121100468224	@vikyro18 sii claroo, en play 3 pod√©s comprarlo por 5 dolares. Pero ya en ps4 no	NEU
807537268235833344	Lo peor fue que nos encontramos en un bar, y no le pude hablar x mi timidez	N
796537219859226631	@avargas10785 yo te salgo de eso, yo es por luchona y que me elotan en el work #lindaperopobra	N
799481901874638848	Mi pap√° emocionado hasta las l√°grimas con los tenores... hay conciertos que se quedan en el alma para siempre.	P
791840258040041472	Regalo hermano menor tiene 16 est√° en plena adolescencia y es insoportable, el que lo acepte lo invito a comer	N
793494544780328960	D√≠as como hoy agradezco no tener carro. Andar con el h√≠gado hinchado por saber esos marchamos, mejor ando en Uber jaja	P
795401908328550400	@LaEscude S√≠, a m√≠ tambi√©n me gust√≥ mucho, pero como todos esfuerzos sociales de Google, el problema es crearles volumen de usuarios.	N
785571705754226688	Hay un grupo de estudio religioso en el s√≥tano y est√°n haciendo un bull√≥n incre√≠ble. Yo s√≥lo quiero ver mi pel√≠cula de putas	N
772550560998301697	@robertobrenes Bueno, no es tanto lo mayor como cu√°nto de campo sea usted. Sos cartaguito en cada aspecto de tu vida, por lo visto.	N
786782707330134016	Cuando salga de ex√°menes me voy a meter al gimnasio y voy a tener un cuerpo lindo, y ah√≠ es cuando voy a ser feliz	P
776807812076703744	Que rico que es dormir	P
800166145672310785	@elinvisiblesoyo jajaja aqu√≠ la confianza virtual	NEU
811095261829271560	@germangn09 pero igual es feo, horrible, espantoso	N
811666031643074560	@gat1tu s√≥lo viste feo... Lo dem√°s todo ok	NEU
811783431558295552	@vale24_12 siempre es bueno la opini√≥n de un playo	P
802021065950195712	Esta va a ser la noche m√°s larga para muchos	N
794569372912103424	@gabrielselva_cr pura vida. Ya llam√© pero fue como no haber llamado.	N
808768326063321088	Estos ser√°n los dos √∫ltimos shows que bailo con mis minis bboys.	NEU
809123827263438853	La pr√≥xima vez que vaya a un bar hasta me sirvo yo solo.	NEU
804536745907908608	Que bonito es anunciar que los excedentes de la Asociaci√≥n Solidarista, ya estan depositados	P
798384095730409472	#superluna eectativa vs realidad. Gracias ‚Ä¢ ‚Ä¢ ‚Ä¢ ‚Ä¢ ‚Ä¢ ‚Ä¢ ‚Ä¢ #crc #puravida #costarica‚Ä¶	NEU
805270554169274368	Hoy nos toc√≥ de √∫ltimos en el Festival Navide√±o de PZ y lloviendo. Adivinen c√≥mo qued√©.	N
806341840551157761	Me siento tan sola por las noches, que duermo con Pariss en la cama de mi hermano	N
794776643277586433	Hoy tuve un d√≠a muy lindo me chinearon mucho 2 amigos y el jueves uno que amo mucho.	P
786509571934130176	@Christ_Campos06 j√∫relo que lo reconsidero siempre, tengo insomnio y la ansiedad no me deja dormir + tengo e ma√±ana	N
790449761988046848	Ya me qued√© sin wifi y qu√© flojera levantarme a encenderlo de nuevo mi mam√° que no me quiere ;_;	N
799475852350259200	Me gusto mucho #AHSRoanoke fue una temporada muy buena y mucho miedo pero corta ya estoy ansiosa por la temporada 7Ô∏è	P
789934663540154368	Tengo una leve duda de que las fotos del meet ac√° en CR las van a plublicar hasta el a√±o que viene	N
786954063615176704	Mi profe de comunicaci√≥n se parece a la profesora Umbridge. Yo s√© que en el fondo es malvada y nos quiere ver quedarnos.	N
799265326902951936	@ChicadeHumo7 , no hay que sentirse mal por ya no querer creo que es bueno saber lo que uno quiere y lo que no	P
785819071300251648	Era a la 6 que me quer√≠a levantar, no a las 5:15 con el ruido de una hijueputa licuadora gracias al descerebrado de mi primo	N
775389008545325059	Bonito cuando pasan a fumigar	N
808101774196428801	Si se desesperan nos lleva puta	N
804122640411742208	@UnZorro88 a m√≠ me gustan de hecho	P
801646462547456001	Segundo cuarto y Golden ya lleva 73 puntos	P
811697149637488641	Hoy puede ser el pen√∫ltimo cap√≠tulo de Ragnar Lothbrok	NEU
801654234248806400	Yo ya estoy con gripe y ni me he mojado	NEU
809446607196454912	@TutzyFF jajaja que bueno verla anoche, que pases un excelente d√≠a	P
805637515864576000	@EdySmol Correcto! Es pura arte. Mejor no lo pudiste describir. Felicidades!!! Bendiciones!	P
800513366355652608	Bueno por dicha ya estoy en Zarcero, no estoy en la calle. haha	P
804064900469366789	@andrearivl me voy a morir quiero verlo en vivo y tigo no tiene CBS	N
811782203738910720	@oviedo_6 yo personalmente lo bloquear√≠a inmediatamente pero al final yo no soy una belleza so	NEU
805498107047870466	Me gusta el rumbo que mi vida esta llevando, me siento tranquila y contenta conmigo misma	P
802994601271259136	Casi me aplasta un √°rbol pero lo bueno es que en la casa ya lleg√≥ la Navid√°	NEU
808163207013695488	@estabarca fijo si me gusta hago lo que hice con el episodio VII... fui al cine 5 veces	P
807090883766157313	Me ir√© a dormir sabiendo que la √∫nica app de manga con la que leo no tiene actualizado ons	N
778291153074401280	Esta ceniza me tiene mala ya. Ando con alegr√≠a y me arden los ojos, no puedo usar lentes de contacto.	N
792530696136904704	#Windows10 qu√© mal me caes... @Microsoft Para abrir cualquier navegador o aplicaci√≥n es tan lento, torpe e ineficiente que da pavor	N
788552972544258048	Ma√±ana se madruga para ir a trabajar a la casi frontera norte. Si puedo me paso y voy por To√±as y tostones	NEU
786417329731014657	Chiky en todos los eventos me dice "Mae √©chame a una amiga tuya" y nunca le he cumplido, soy una mala mejor amiga	N
789741457443663872	2:12 am, est√° semana he dormido 17 horas, hago examen de qu√≠mica a las 8 am y salgo del brete a las 10 pm	NEU
788962460552179712	Pues que estoy hablando y en eso me sale el lado √±o√±o que esta dentro de mi todo mal yo hablando de trastornos de personalidad!	N
780481040225796097	Bienvenida a los juegos mentales	P
799987480518922243	@kathysjo excelente, que grande que est√°	P
803970852199034885	@Tia_Yeye @Jacko_Pinto no sabia que eran pareja.	NEU
801531504325263362	Alguien tiene alg√∫n contacto que haga queques navide√±os?	NEU
800900381123420160	Uri por cobarde se fue en la colada. #moisesylos10mandamientos	N
798356108473696256	Un Pa√≠s tan afectado como Hait√≠, necesita del mundo entero.	NEU
794768124646191108	No puedo entrar a mi servidor!  y site5 no reponde	N
796254025033322496	Que dicha que me vale todo lo que todo el mundo diga	P
800548175346073604	Mae eso si es cierto, ahora nadie (la mayor√≠a) busca tener algo serio	N
798731333858197508	Ay qu√© bonito todo! Demasiado extra√±o no estar sufriendo a estas alturas Vamos Seleeeeee	P
806353036708900865	El primer cap√≠tulo de la primera temporada de Black Mirror es bien pinche triste, wey.	NEU
805793848488292352	@Kengope oh, yo es que estaba curioso de Google Play Music. Apple Music no me sirve	N
796433687927783434	Sopa Negra, opci√≥n plato fuerte en la soda. Dios sabe como reconfortarme despu√©s de las noticias agobiantes	P
806696427883790336	@twocannn a mediod√≠a? La pr√≥xima no lo dude! Aunque me vea serio yo soy un carajo buena nota!	P
805030196265054209	Me hice un s√°ndwich. En vez de queso le puse leche condensada y a√∫n as√≠ lo puse a tostar	NEU
782803573864148992	Soy la peor basura del mundo porque, justo hoy Andrea ten√≠a que verme con otra mujer, que mal me sent√≠.	N
787659841426722816	Me despierto a las 6 de lo m√°s tranquilo y relajado, me despierto a las 8 y amanezco cansado y enojado	NEU
789633490648129537	Con lo que voy a gastar compr√°ndome algo para halloween me compro una mudada y de paso la entrada en 5 mil	N
785391027561439233	@Chepe_Centro bueno no es tan mala, tiene muuuchos elementos de las primeras dos pel√≠culas (eso es lo mejor) y le agregan otros nuevos	P
786031752594587649	No me han llegado mis pel√≠culas de cine cl√°sico que ped√≠ as√≠ que ver√© algo b√°sico como The Purge: El a√±o de la elecci√≥n	NEU
788735032336592896	Buenos d√≠as @luisguillermosr. Hace una hora y media sal√≠ de Cartago y apenas estoy en Zapote. La gasolina est√° cara y con presas no rinde	N
779562872791851008	Me siento triste y solo	N
786818931910545408	@JaenRodz jaja gracias igual mido 1.55	NEU
803070151935619073	@jaoc03 que buena fiesta se pegaba uno	P
801845807309848576	@rafa514x excelente, estamos muy atentos a tus comentarios	P
800875352838926336	Otro terremoto y otra alerta de Tsunami para Jap√≥n.	N
802232548504010752	@mishafantana si obvio eso es lo importante, gracias por preguntar	P
796749746815827968	Me siento tan cansada y saber que salgo hasta las 6	N
796035204188139520	@Juanjo90 @CataSolis20 Eso Juan, lleguenle, va a estar divertido. Mucho gusto Cata	P
801501985417662464	Sin Morata, Kroos, Bale y puede que a√∫n sin Casemiro para el cl√°sico	NEU
791067778752983041	La t√≠pica que nunca ha dicho la palabra "picha", siempre se la ha "comido".	N
801271513542496256	Quiero demasiado el balde de pollo, cebolla y papas fritas de la Paper√≠a. Alguien ll√©veme	NEU
802300439341465601	Me llena demasiado ver tanta gente con la intenci√≥n de ayudar y movi√©ndose que lindo todo	P
797515887100182528	Acabo de tener una idea formidable que involucra a @tsaitami y por eso le mand√© un correo	P
796846796245004292	A la gente buena, le pasan cosas buenas ... al resto a veces tambi√©n nos pasan cosas buenas	P
792559306881142784	@libadri perfecto. ¬°Gracias! A ver cu√°nto me toca pagar este a√±o, que ya 3 a√±os he pagado lo mismo.	N
787499227681140736	Aunque el d√≠a no empez√≥ de la mejor manera, queda en uno decidir que tipo de d√≠a se quiere vivir.	NEU
776614618269573120	@Frimiralles que delicia, si estuviera m√°s cerca fijo le llego con el tupper. Pero 200 km me separan de su pozol	P
779173176357982208	Cosas q debemos usar para simplificar nuestra vida: el cerebro, sentido com√∫n, una sonrisa y eliminar a qui√©n no nos interesa. Simple	P
793835901860229122	ma√±ana hay entrega de trabajo final y yo aqu√≠ muy zen desayunando en paz sin tener ni media p√°gina escrita... ni las fuentes	NEU
788458345686568960	@Saramallow los mismso problemas que ten√≠a del otro lado, solo que solo iba un d√≠a a la oficina y mi vida era una ilusi√≥n	N
781273986554486784	Si por aca hay alg√∫n chico o una chica mayor de 18 que busca empleo para temporada navide√±a en tienda, que me ponga un Dm	NEU
795490783453446145	@ReyDeLosBullies La quiero aniquilar. Desgraciada.	N
800832934756360193	Quiero una caldosa y un granizado.	NEU
800336465284710400	Lamentable informan que muri√≥ Gabriel Badilla. #RIPGladiador	N
808435688756678656	No he visto el nuevo episodio de #TWD	NEU
801862522840158210	En Heredia ese temblor se sinti√≥ leve pero horrible	N
797536079817703424	Ayer descubr√≠ que no soy amargada, en realidad soy preocupada.	NEU
807697679052587008	Odio que me cambien mis planes por comodidad de los dem√°s	N
806364751106342912	@somekindofEdu pero pens√© que luego de jugar juntos todo iba a cambiar	N
810351346788528128	@Chamo_A_ la hijueputa tela se me sali√≥. yo quer√≠a volver a quedar acostada.	N
794931782923730945	Hoy es el concierto de Metallicaaaa!!! Uuuuhhh... l√°stima que no voy la wea triste	NEU
796878053557370880	@FexCR ufff una cosa deliciosa!! Jajaja Que desorden ! Met√≠ las patas ser feliz Fexito!!!	P
804505028673282048	A√∫n no puedo salir de la U porque la tarifa de Uber est√° alta, me escupo	N
805362967055372288	Solo actividades de mi inter√©s me hacen levantarme a las 4am de menos jam√°s en la vida.	NEU
798682768158982144	@tigreshooligan ay tan lindo amigo!! Gracias. Espero que jueguen con rencor, porque se hacen imparables cuando est√°n resentidos	P
805623476224671744	@EdySmol Me encanta que resaltes la moda sin ser superficial sino siendo un excelente cr√≠tico! Saludos desde Costa Rica!	P
787122996225777664	@marielabrenesv Ah entonces a ver primero Stranger Things, adem√°s que son menos episodios. Voy a ver si la empiezo ya	NEU
783173947051216896	Mi mam√° adopt√≥ una gata que dejaron botada al frente de la casa, si alguien necesita gatos me escriben, tengo 4	NEU
775584603893411840	Yo le escribo a la gente a la hora que sea porque mi ansiedad no me permite esperar a una hora prudente	N
785931249915301888	@treledo Ya pude ver la info, el hoario es de 7.30 a 4, no ten√≠a idea de que se pod√≠a solicitar digital, gracias	NEU
785566254060797952	Es bonito tener orden en la vida; solamente hay que aprender y acostumbrarse a poner las cosas y a las personas en su lugar	P
779921033184903168	@diegodelagos Ayer la gente de mi FB se port√≥ mejor que la de mi TL de TW en relaci√≥n con el tema de los himnos...	NEU
777637901777514497	Me cago en la puta	N
802897477456265216	Que asco spotify desde la compu	N
810213900192989184	Extra√±o todo de Bel√©n Es tan chiva...	NEU
801859882982981632	Yo s√≠ lo sent√≠ y me lleva puta	N
801250704786681856	ustedes saben que mi vida se basa en vistos.	NEU
808523752887767040	La segunda temporada de Fuller house me dur√≥ 3 d√≠as.	NEU
806502753707159560	el amigo secreto de hoy trajo un delicioso arroz con leche	P
807261162358394882	A m√≠ en serio esas cosas de ganar no se me dan	N
808706648206352384	Estaba durmiendo tan ricooo jaja que c√≥lera que me dio cuando me despertaron	N
802953483838246913	Ayer fui a @subwaycr y a√∫n no estaban listos para recibir donaciones de puntos	N
803109708378738688	Preferir√≠a discutir con un umpalumpa que con un (a) cristiano (a) conservador (a) de derecha.	N
803305331585650688	- se llevo los doritos y los frescos - pero no se llevo EL PAN @MarianaCruz04	NEU
805302138075303936	@vivihbena ahhh pero ah√≠ estaban las rubias -.- jajaja ( que mal que no se te quite)	N
803214630113988608	Hoy hice todo de una manera ol√≠mpica, pero algo se me ten√≠a que olvidar. ¬°Ah s√≠! La sombrilla.	NEU
786047159212781568	Si Cofal o Zepol necesitan influenciadores en digital, hoy, despu√©s del pichazo que me pegu√©, yo podr√≠a ser uno.	N
786964419079122944	Ya casi me quitan los frenillos y no quiero a√∫n los siento feos. Los necesito al menos un a√±o m√°s	N
761372585900638208	@Danileivacr buen√≠simo!! Yo ma√±ana voy a clase de 6 de la tarde que es yoga Dance, es como yoga pero aer√≥bico	P
783372962971971585	rajado, cuando pasan 16 a√±os te das cuenta que unas cosas cambian si..otras se mantienen para dar tranquilidad en los dias libres	NEU
795488824042385408	Yo hasta ahora veo el v√≠deo del ping√ºino no lo puedo creer. ¬øEs normal que est√© tan triste? D√≠ganme que ustedes tambi√©n lloraron.	N
795761629648617472	De hoy en ocho nos dan las camisas de und√©cimo, y yo ni s√© si voy a lograr sobrevivir a la semana de trimestrales	N
761938992849838081	@KhaMoreno hahahaha no lo hab√≠a visto! Pero ojo, me despert√© a las 8 y estoy tratando de dormir no puede ser q ste despierto a√∫n	NEU
761474790284595200	Que feo eso de decepcionarse	N
788164692376256512	@DCBlancoQ o ya lo est√° hola	NEU
801073708337156096	@titabobra exacto, qu√© colera me da eso	N
801134263806623744	Que pecadito la gente afectada por las inundaciones	N
809828470075301893	Porqu√© terminaba contrato, ya v√≠ seguro se fue solito	NEU
801764168747597824	@moboza pavas igual y no nos.dejaron irnos a la casa	N
806726824608702464	Les juro que lo stalkeo y mi instinto asesino se activa.	N
806723955973189637	Primera vez que David cena en mi casa y quiebra un vaso.	N
811644803838607360	Estoy solita en la oficina... pondr√© mis v√≠deos de cosas paranormales sin aud√≠fonos	NEU
806657359716249601	@marioredondo @ingenieractc no da igual, yo soy funcionaria p√∫blica y no todos pensamos as√≠.	NEU
808738451067731968	@gabrielselva_cr Ah no, es en el Auditorio Nacional. Hasta el pr√≥ximo a√±o en Marzo jaja	NEU
807740854882406400	Hoy me di cuenta que mi crush ya tiene novia y es mucho menor que yo	N
797920810560155649	Yo quiero ense√±ar mis bolas en facebook, pero su pol√≠tica de desnudos es muy estricta. Mejor no.	NEU
804048178492407808	¬°Hoy habr√° nuevo campe√≥n!, que pase lo que sea, que @MagnusCarlsen sea campe√≥n o que @SergeyKaryakin pierda #CarlsenKarjakin	P
803626014127439873	@Alejandro__Ge hay que pulsearla bastante, lo he intentado un par de veces y nada Pero que buena foto mae.	P
786076428177661952	Los recuerdos m√°s importantes y los mejores vividos se quedan en el alma, m√°s en cualquier otra cosa son borrables	NEU
791118835038425088	@MeLlamoSara @bichoclarke @gabmmd los de cuero,papel y tijera. Que ten√≠a uno visto desde hace dos semanas y le subieron el precio	N
778399123007569920	@GrupoPandora y son 30...30 a√±os de acompa√±arnos,30 es mi edad y he crecido de la mano con ustedes MIL GRACIAS, atte: Ale	P
776197117253607424	@H_E_Y ya ah√≠ si no sabr√≠a decirte generalmente siempre hace sol temprano, se llega a poner nublado es como luego de las 3pm.	NEU
776434082154582016	Ya est√° listo el puente peatonal por mi casa...ya no tendr√© que dejar de jugarme la vida cuando voy al auto o al cajero	P
779847537574318080	Ocupo que den un secret passcode para que las beliebers compren las entradas antes y despu√©s las que sobran las ponen a la venta normal	NEU
758632139751579649	No me quiero levantar aiuda	N
798706777751687168	@ticotraveleando ingrato, solo porque usted s√≠	N
806945783031406592	@melangelesvc Ni tamales, pierna, "fresquitos", queque... nada!	N
801130179879899136	@MaryMatamoros √âxitos y buena vibra en el recital!	P
794634461392596992	PSC / PSOE, Podemos / Izquierda Unida distanciados, jeje!	NEU
809487952506224640	√âl se ha ganado un lugar especial en mi coraz√≥n.	P
809367478300250112	¬°Buenos d√≠as! Con o sin gripe, hoy se disfruta el d√≠a.	P
806694328718553088	Lo bueno de verano es que en el grupo hay varios compitas	P
797619946146689024	Alguna pel√≠cula tuanis que este en Netflix que me quieran recomendar ? #GenteQueNoCoge	NEU
796477634930679808	Clinton gan√≥ voto popular y Trump el colegio electorado. Adivinen qui√©n es presidente electo	NEU
795163385184866304	@m_elinna jajajaja yo pens√© que hab√≠a captado la indirecta pero si, est√° vacilon el avatar	NEU
799106736204500992	Ya no tengo libro para leer ni serie para ver, mis noches se est√°n volviendo aburridas	N
799279043124297728	Tan triste mi vida que me hablan en Snapchat solo para decirme que mis animales son lindos	N
787858728607322112	Digamos, muy bonito todo, un d√≠a super chuzo, todo divino pero mi crush no me dijo feliz cumple	N
804010711810801664	@malamujer Ojal√° pudiera darte el abrazo en vivo o al menos acompa√±arte hoy. Siento mucho lo de tu primo	NEU
775418253942267904	¬øSer√° normal este odio-amor con mi hermana? Ni siquiera me respeta Me mand√≥ a lavarme el culo al r√≠o lagarto.	N
766391854149623809	@hugozap quiz√° para profesionales no sea mucho,pero hay no remunerados principalmente femenino para quienes es un sue√±o, pasa en mi pa√≠s	N
781528328712880128	@BurodeCreditoMX por curiosidad intent√© en 5 bancos distintos y en todos declinado, pero mi reporte est√° en verde y mi score tambi√©n	NEU
789682700491759617	@Koalasoy es una teja ese cabr√≥n. Si en el programa se ve agradable, en la vida real es el doble de buena gente.	P
795301082805260288	Siempre que veo pasar deprisa a una ambulancia de soporte avanzado, se me hace un nudo en la garganta y me vienen malos recuerdos	N
756700943043928064	Gracias a Dios cerrando con broche de oro! Dios siempre dando lo mejor a sus Hijos esta semana fue mucho mejor que la pasada! #thnksGod	P
761208380954337280	Yo estoy triste por Raps	N
800073694286675972	Estoy as√≠ de hacer una estupidez	N
800498900578738180	Yo si que odio recibir noticias as√≠	N
808136758105899008	Podr√≠a pasar un D√≠a entero viendo s√≥lo mejengas.	P
800373386610360321	@AndreaVasRo Lo es. Sin ning√∫n respeto al dolor ajeno	N
796192470895890435	@iMCZC Ay, no me diga eso, todo es posible a√∫n.	P
803787178321084416	La lluvia definitivo no me tiene piedad cuando ando en bus	N
806755531591294977	Ya mi relaci√≥n no es lo igual con Davi, ella me pierde	N
801916320329715712	@car_hidalgo lo hacen a diario. Hoy es m√°s palpable por la emergencia. Ô∏è	NEU
802656976664727552	Cansado es poco. Pero saber que hoy se ayud√≥ en algo me hace feliz.	P
796199821061328896	Qu√© triste ver que el odio por una mujer est√© por encima de la raz√≥n	N
798562479022440448	Viendo FOX pasan portadas de peri√≥dicos deportivos solo en CRC no, porque no tenemos peri√≥dicos deportivos	N
804719772114022401	@_void07 ¬°CALMA PUEBLO! Todo va estar bien. Solo vaya presente todo y haga su fucking examen tranquilo.	P
806712993098727428	@Jorge_Rivera8 la del mio peor, tengo que andar con dos telefonoa para poder revisar tw, fb e ig	N
792997729307725824	Entre todas las miles de personas a las que le pod√≠a haber pasado eso, ME PASA A MI -.-'	N
777291543321260032	Ya no estoy para andarle sacando conversaci√≥n a alguien, si la vara fluye bueno, y sino va pa' la mierda.	N
767170856778928133	@EsGermanDZ Quiero hacer una pregunta.  Si puedo? Yay.! Bueno la pregunta es.. ¬øVas o ir√≠as a un J√≥venes en Victoria?	NEU
790324639197196288	@Natticornia @YouNow ya volvi√≥ a esas mierdas porque no tiene a show de huevos es un d√≠a triste para el hombre ara√±a...	N
789317895352299521	Soy de esos que, a√∫n cuando la comida est√© lista y tenga hambre, si no me sirven me da pereza y no como	NEU
779569425573818369	Fijo a esa mae alg√∫n famoso le dijo algo, entonces por eso se cree la mas rica y solicitada del puerto, es mi opini√≥n	NEU
756650097102893056	@rociomoram29 que mal y por eso es que est√°n jugando, yo creo q los jugadores viejos o de la casa deber√≠an tener prioridad pero bueno...	N
756184498606190592	Yo solo quiero dormir mas	N
775421246758539266	@uiGitsu siempre se aprende algo nuevo	P
808697535938314240	@fersalas2205 Yo igual no trabajo el 26.	NEU
810701756791484416	@SanzZeriTica y qu√©? No ser√° la primera vez	NEU
800831223610441732	@zeroanima t√≥mese de algo de una vez y listo	NEU
800578955485081600	@isamarsanchezg Antes era m√°s seguido Saliamos por batidos de maracuy√°	NEU
806926936706519040	@Edurraiba es lamentable un tema tan sensible jam√°s con ese enfoque	N
807254954226384896	Porque si estaba bien me tiene que dar calentura de nuevo ??	N
808713660000600064	@Linnjimenez y uno se pone triste cuando no quedan papas en la bolsa.	N
790797092050472963	Mi estomago dice mozarella sticks y mis huecos post operaci√≥n dicen pur√© y gerber.	NEU
796197595018358784	Yo deber√≠a estar dormida y no bajo este largo ataque de ansiedad de baja intensidad	N
808043758235303936	Es una verdadera ver que los videos mas caca tienen mas apoyo que los que costaron	N
785658215841181696	New Balance podr√≠a dejar de ser el patrocinador de la Sele o sea, camisetas feas otra vez	N
782363108945920000	@FilarmonicaCR ¬°Gracias! P.D. Sigan adelante con sus maravillosos trabajos. Quiz√° alg√∫n d√≠a un tributo a Soda Stereo jeje	P
802610197306802176	@CamposGeovanni en eso estamos claros, pero yo tengo fe en que los ticos somos solidarios cuando mas se necesita	P
786405475055046656	@H_E_Y qu√© injusticia, yo no sab√≠a guardadas porque no las quer√≠a arruinar.. y se me da√±an en la siguiente puesta	N
765284549127442436	No voy a poder ver a mi mam√° el d√≠a de la madre. Por un hijo de la grand√≠sima puta. Bien	N
780895754730676224	No sal√≠ el fin de semana porque hoy ten√≠a examen y salgo del examen y nadie quiere ir por una torta chilena	N
787738825552334849	Entre lo positivo, est√° el hecho de que no tendr√© esas responsabilidades extra que adquir√≠a s√≠ yo quedaba electo. Pero mae yo quer√≠a	NEU
783043022220951552	Que cargados de odio est√°n tengan se escuchen m√∫sica abracen salgan de vez en cuando con los suyos y vera como se le quita	N
763031266169982977	esta estupida de Abis a la par m√≠a esperando a que saquen el desgraciado Trailer de Resident Evil fuck hasta as 12 md LA vamoooos	P
757123970256605185	Mejor me duermo buenas noches	NEU
796007317653385216	Bill Clinton ya est√° muy viejito	NEU
809528195104067585	Necesito unos tacones negros a las ya	NEU
809917034750509056	Ser√° que en serio alguien puede dormir tanto	N
801843115824975872	@ekallestad qu√© bien suena una n√≥rdica hablando en argento	P
795843045493211137	Para navidad voy a pedir que me suba el ponderado.	P
802654547151884289	@MarcosPedzik Muchas gracias por tus palabras. Un fuerte abrazo para vos	NEU
803786450852605952	@rebsvargas Un masculino adulto que es fan√°tico obsesivo de My Little Pony	NEU
800885510575104001	Los anuncios de TV de posgrados de mi alma mater son tan malos.	N
803994481938853889	@bichoclarke le√≠ el post equivocado aparentemente, me salieron los dise√±adores snobs en mi feed	N
805986009720782848	No sab√≠a que el amor de mi vida iba a cantar. Hubiese visto el programa.	NEU
797979127089246208	Necesito plata, mi regalo de cumplea√±os no alcanz√≥ para la ropa de navidad y a√±o nuevo	N
805598225075961856	@nathy_ab Tome un descanso y apenas est√© de nuevo al 100% vamos a Dairy Queen, esta bien?	NEU
800191474503745536	El huequito del septum no se me ha cerrado por completo pero ya no me cabe la pieza	NEU
798395934359089153	@David_Gato5 Mae esque mi top 3 son Dez Bryant, A. Brown y OBJ La de Zek viene de cuarta	NEU
786066321008099328	Hoy a Santi se le rego el pichel lleno de fresco, y yo parecia Senicienta por todo el piso JAJAJ	NEU
793575747201798144	@dankenzon imag√≠nate! Si cuando uno saluda a alguien que est√° saludando al de atr√°s se siente feo.. me da miedo ajeno	N
783221220649172992	@Starbucks_CT Hola , queria preguntarte si el nuevo cafe Chiapas, es el mismo shade grown porque voy a hacer degustacion pronto ...	NEU
782579699125932032	Me acost√© s√∫per tarde ayer (para mis horarios normales) y ahora no puedo seguir durmiendo porque no aguanto el calor de estas horas	N
779685439451992064	Quiero cambiar de posici√≥n el cuarto pero soy tan indecisa que si despu√©s no me gusta me voy a sentir mal por una semana	N
757418118947872768	Mi horario de este semestre es tan tan feo, que me tendr√© que despedir de mi poca vida social y del estreno de suicide squad	N
773360298472329216	Alvarado velando por mi salud	NEU
777676192807649280	@luisdbatallar esa tabla es muy reveladora	NEU
796240698702000128	Ahora tengo que dormir llena de repelente	NEU
793498295951826944	@luisangelzr fijo tenia un amante bandido esper√°ndola #AsiSon	N
798306527882919936	@jevs_ Acabo de llamar y si tienen! Much√≠simas gracias	NEU
801628658427424768	@meLiKosha @sputnk no vi esto igual no pod√≠a hacer mucho	N
805967820496506881	@Kevoludo24 todo est√° s√∫per barato porque casi nadie fue el festival.	N
802352213330784256	9 horas de que se fue del pais y ya la extra√±o	N
797271394862120962	@fabriziobarth lo siento mucho. Pero si Facebook lo dice, es cierto. Sentido p√©same...	N
803219187850088449	@Noy_07 Pues de hecho s√≠ me funcion√≥, me siento m√°s tranquila despu√©s de eso	P
800868885742268416	@valegarrou jaja es lo menos que hago por dicha pero si paso pegado a FB	NEU
807381460827205633	@GaritaCRC ¬øY para que me tienes a mi? Son momentos y nos montamos un canal Re-Pichudo	P
803061996828692480	@lawanddemons perd√≥n por ser la peor prometo darle mucho amor comprensi√≥n y ternura apenas termine el semestre	P
792469210567888896	1 minuto de silencio por los que trabajamos en horario de Mall y no podemos ver el cl√°sico	N
792774890835161092	Apoyen a la Network @MCRoyalPvP !! Esta network tiene futuro !! P hare videos y directos ahi cuando habran	P
781367360418553856	Lo mejor que puedo hacer hoy es dormir porque estoy a punto de llorar, no fue mi d√≠a en serio.	N
779085697554579456	@malarodriguez saludos desde Costa Rica mala...ya q siempre te escribo y nunca me respondes Igual nunca me canso de escucharte.. Besos	NEU
760756300007477248	Lo termine a las 2 am hora Costa Rica, porque se me hizo s√∫per adictivo. Me gusto pero no me encanto #LCshinyforflowers	P
779167291774685184	UNAM, mil gracias por todo, te prometo en los siguientes 3 a√±os titularme, aunque me haya costado 13 llegar hasta donde estoy hoy	P
785140294119485440	@xylefTheBarber de comics y de humor negro no y estar√© tiempo fuera de youtube, si logro volver es con una idea diferente y cool	NEU
760675856326860800	S√≥lo mi mam√° logra por primera vez una cena en paz con TODA la familia Rodr√≠guez Qu√© feliz soy de tener la madre que tengo	P
771900763987513345	Que pereza quiero choco banano	N
793155324085547008	Juro que todo lo veo borroso	N
784605890418794501	@pamearcep Esa es la respuesta correcta jaja	P
806516119058186240	Que duro iniciar el d√≠a con noticias tristes	N
806979207674916865	@Jaspn_ Yo voy de fijo. Ahora llamo a reservar	NEU
800541436819148800	@funfillegamer Soy muy malo funfi me da pena y todo	N
804358931342589952	En Face Oswar me deja claro que no soy su amiga	N
803725500216545281	La lluvia definitivo que no me tiee piedad cuando ando en bus	N
800908849813344256	Exijo un beso como el de Carl y Enid, que lindoooooo. Wtf #twd	P
792449072976175104	Me siento tan in√∫til, pero bueno yo siempre he trabajo en las tareas pasadas	N
800209365831532544	"ESTOY HARTA DEL SEMESTRE " -Yo, s√°bado por la noche, resolviendo integrales para encontrar √°reas.	N
787886655919288320	Yo que podr√≠a decir de mi ex? Fui demasiado feliz y me hizo crecer como persona	P
785993181456248833	@crampsattack fijo se me pierde, la vez pasada la encontr√© en la lavadora fumando rinso 1 semana	NEU
792581420908617728	@JPR_CR con az√∫car??? jaja yo solo con sal y lim√≥n, a veces le echo un poquito de Chile	NEU
796436593355661312	@piladetrastos @tsaitami porque al final siempre llegan a lo mismo: es que ella debi√≥ asumir m√°s su lado femenino	N
787046850264076289	Que me han dicho tantas veces odiosa que a veces creo que si lo soy pero naaah soy un amor	NEU
767156227042226177	@JArmandoCS solo me quedan 3 s√°bados m√°s as√≠ jiji. ¬øQu√© d√≠as est√°s yendo a la U que no te he visto?	NEU
756912334816186368	Sabia que no iba a ser un buen d√≠a cuando me dej√≥ el bus y se me rompi√≥ la faja del bolso.	N
784796015702441984	@ushcala Esa es otra buena idea. Aunque la din√°mica de √©l a sus 9 y la m√≠a esa misma edad es muy distinta.	P
779693903645593600	No son ni las 9am y aqu√≠ estoy a moco tendido, llorando con una pelicula con Cameron D√≠az que se le muere la hija	N
773655374796759041	@ruthernandezj hahaha sq si tiene un 5 HACE RATO era de cambiarlo haha, yo creo que si aguanta el mio bastantito! Casi 1 a√±o ya	NEU
764569008465072129	La Daniela me tienen griseada.	N
779695637948272640	@WancitoCubero horrible muy buena pero devastadora	NEU
802519704288067584	Mi mam√° s√≥lo decirme que estoy gorda	N
799603531380588544	Buenos d√≠as @Rubiu5 que pases un buen d√≠a	P
803296800555798528	@Prifv @kabek no hemos ido a la cabra loca	NEU
795848586269523969	Que viene Nonpa y fijo es para mayores. Ya lloro.	N
798732040376029185	@Zunga a mi solo me quedan 5...ya casi veo la Luz	P
805109479922683904	@gpenavalle De las impotencias m√°s grandes. Entiende uno qu√© significa la resignaci√≥n	N
806979961609392128	Hola me complacer√≠an con #ParaOlvidarte de @MauYRicky por faaaaa Saludos desde Liberia @radiocientotres	NEU
800022236312829952	Ya 3 veces me ha dejado mamando, pero la verdad lo veo tan guapo...	NEU
796612199930281984	Necesito un gato en mi vida as√≠ como YA, tengo que convencer a mis pap√°s	P
789960420610093056	Voy a ver Armaggedon. Qu√© cinta rajado, muchas gracias a la persona que me la recomend√≥	P
794701150356434945	El fin pasado le rogu√© demasiado a mis pap√°s por unas Nike, y no me las compraron	N
792219664013074432	Estoy en mi casa encerrada en el carro con musica full cuando deber√≠a de estar en alg√∫n lado	N
803101972517638144	@croq29 @ChisteTipico me ha pasado... Lo peor es cuando sin decirle nada a uno, lo agregan de nuevo jajajaja	N
760090117587476480	Buenos d√≠as. Inicio de mes. A darlo todo, aunque sea "m√°s o menos bueno en algo". Feliz inicio de semana	P
761702018197164032	Fiesta bananera, d√≠a de la cerveza, Semana 14, √∫ltimo d√≠a de eeriencia y as√≠ no quieren que me vaya de parranda?	P
769344454088019968	Pobre Bastian Scheweisteinger lo que le est√° pasando en el United, es muy crack y el genio de Mou no lo quiere	P
779181319024619520	Nota Personal: No ver videos de noche sobre youtubers comiendo no ver videos de noche sobre youtubers comiendo no ver videos de noche	N
778399423256592384	@dimar1712 tan linda Diana, muchas gracias vamos a ver c√≥mo me acomodo ahora con trabajo nuevo, cuesta un mont√≥n yo te apoyo desde ac√°!	NEU
772594807357124608	Pas√© todo el d√≠a buscando mi Baby Lips y lo acabo de encontrar. Estaba en la mesita de noche de fijo lo puse ah√≠ dormida	NEU
775941293411176450	Buenas noches papus, que descansen	P
787153460957421568	El amor no dura para siempre	N
786963065527033856	@GloryPB Las maniaticas son lo mas divertidas	P
797507093490266112	aw Tae lo que dar√≠a por poder abrazarte	P
794812839999533060	Cuando cuando est√°s taaann cansado que no podes dormir	N
809918358955184128	#YSF2 @MundonickLA La mejor serie en todo el mundo !!!	P
805899060154613761	Estos #CinnamonRolls traen muchas pasas... puro sabor a #Navidad!!! #ProsanaFoods #Estaci√≥nGourmet	P
797675073649905665	Decirle a un mae "perro" es una ofensa para los pobres animalitos	N
806980303684300800	Hola me complacer√≠an con #ParaOlvidarte de @MauYRicky por faaaaa Saludos desde Liberia @OK1055FM	NEU
798228439182426112	@demimendozaa Obvio ya quiero llegar y verte As√≠ que de una vez organiza Ixma	P
805269972540882948	Ya cambiaron al modelo d Paco Rabane. el que estaba antes era un mu√±equito yico.	NEU
804139696595107840	Pues que dicen que hubo #temblorcr y yo ni me di cuenta porque pasamos ensayando t√≠pico.	NEU
785690847715008513	Buenas noches chitos y chitas de mi TL.  Que sue√±en bonito, as√≠ como con a yo	P
796509950822547456	@Maceji87 sorry x el delay, pero el app arranca cuando quiere...Abrimos de Lunes a S√°bado a las 6pm	NEU
800197219785867264	Les parece que soy una persona odiosa? a cada rato me dicen eso y que tengo cara de amargado	N
766460456634425344	Hay gente aficionada al f√∫tbol, hay fan√°ticos, hay envenenados, y hay otros hijueeeeputas necios! Igual que todo en la vida	N
786055233340313600	@ElCatoEnCorto @BooCr2012 @jchidalgo tengo criterios a favor y otros en contra, no lo tengo tan claro en cuanto al resultado final	NEU
774803451830087680	@Colucci_99 ah si gracias Esas son las que he encontrado hasta ahora. Antes en pricesmart las vend√≠an hace a√±os pero ya no..	NEU
778686044405321728	Nada m√°s bonito que ir en bus lleno y que alguien comience a toser como si se le fuera a salir un pulm√≥n	N
760726897819017216	@CotoLau @AndreCorts yo tambi√©n tuve los libros de AMP y no me convecieron :/, yo pas√© los ex√°menes pero gracias a los ex√°menes viejos	NEU
770077064833671168	@SandraCauffman Hola Sandrita. No le habia deseado un feliz dia de la madre, tarde pero seguro.¬ø Sabe usted si Juno ha tomado mas fotos ?	P
774852457209880576	Buenas noches papus, que descansen	P
801860797131554820	Hola, soy Sole, el sism√≥grafo humano	NEU
796869639691190272	No estaba muerte, andaba de parranda! Jejeje	P
796518460763291648	@chrchaves jale, traidor, vendido a la corona espa√±ola!	N
801223329625542656	#MisPropositosPara2017Son buscar un mejor amigo, necesito a alguien!? nadie?	N
801279880247713792	Que enfermer√≠a tenemos, Gareth Bale se podr√≠a perder el cl√°sico	N
805614283509919744	Lela me escribe Yo le respondo Lela me deja en gris	N
789620351042932736	Princesa hermosa  Estas creciendo muy r√°pido Te Amo peque√±a de t√≠a	P
796246237272010753	@soofpe06 JAJA y ya ni eso, porque fijo no nos dejan entrar jajajaja	N
800169135808409600	@deprotti la ex novia de 30 vrs Sabina para finalmente aceptar que estas viejo	N
798874400019849216	...y todo lo que hagan, h√°ganlo con amor. 1 Corintios 16:14 Buen dia a todos	P
802369892620111872	@Mausaga vieras dolor jure nunca m√°s volver a ese lugar, queda en PZ para los interesados	N
790008095069970432	√öltimamente no Twitteo porque no tengo ideas sobre qu√© Twittear ü§îü§î ya me tiene feo el tec	N
787153315377184768	De nuevo quiero dedicarme solo a ser groomer y pasear perros. No saben la felicidad que me trae.	P
781301714188054528	@sancarlena77 JAJAJA. Por cierto, hasta ahorita me percato del username. Y yo preguntando d√≥nde vive. Soy un imb√©cil. Perd√≥n.	N
762534291255414784	@Starbucks_cr Hola, quer√≠a agradecer al personal del Starbucks de La Sabana por guardar mi cartera olvidada Son los mejores, saludos	P
775928256633581568	Oiga @NarcosNetflix porque no me reviven a Escobar, pa que se ponga interesante la serie.! eh jajajaja ( es en serio)	N
755006351793807360	Acabo de preguntarle al Mae de a la par que para donde va pero no fue por vina Esque estoy demasiado perdidaaaa	NEU
779505704000364544	@Calikhaug @PilarAcuna Muy bueno Chiquilla: No hay que tirar piedras al techo del vecino si el tuyo es de cristal. Feliz Noche, Pili.	P
758395896094752768	@me_aburris S√≠ he visto q los motociclistas andan especialmente violentos. Le pegan a los carros, los patean, le gritan a la gente y esto	N
780613787376242703	@andreareyes6767 hola odiosa me hace falta	N
806330716367765504	@GuillermoBarqu1 Carepichas esas solo piensan en ellas.	N
807324978693763072	Ojala tuviera netflix como en los viejos tiempos.	N
807042574158598144	Esperando que sea un buen jueves por la noche	P
796517504583614465	@grassengel no pod√©s tener lo mejor de los dos mundos	N
799408617543733249	La vara es que odio las materias te√≥ricas y amo cocinar	NEU
803219303818559488	@Vane_Arcia S√≠, era justo y necesario. Lo hice y me siento mejor	P
806980451336409089	Hola me complacer√≠an con #ParaOlvidarte de @MauYRicky por faaaaa Saludos desde Liberia @lamejor991fm	NEU
790381773544837120	No se pueden ver 2 series a la vez es lo peor #prisonbreak #blackmirror	N
801304592902483969	@viborildasigue Abrazos para ti desde aqu√≠ Vibo ¬°Ah√≠ estar√© y list√≠sima para grabar la entrevista!	NEU
786412156711428097	En otros temas y aparte: la vida da muchas vueltas que curioso como cambian algunas cosas	NEU
793902627809411072	Vi que tengo un vecino TAN guapo. Lo peor es que no s√© ni c√≥mo se llama	NEU
792933372892819456	Yo no s√© ustedes pero mi mejor amigo al chile es EL mejor amigo y lo extra√±o #zad	NEU
803244397705969665	@Mariete772 igual estaba en ex√°menes finales y estuve muy inactivo, espero volver a la normalidad de ahora en adelante	NEU
795738550364999680	Chema en esas y todos en la oficina deseando que vuelva a la oficina y a dirigir la empresa mejor...	P
769339737043677186	@kanygarcia esaaa la mejor de las suertes! Disfruta la noche, disfruta del #GranRex saludos desde Costa Rica! Buena vida, pura vida!!!	P
774256876787671040	Acabo de ver a una excompa√±era de trabajo y me sent√≠ tentado a saludarla. Con la trompa del carro, a 150kmph, intencionalmente.	N
777721329344655360	@tatisalvaradop Ma√±ana si me duermo en la oficina le cuento para que se sienta culpable *busca el cofal y las pantuflas* Bonita noche	NEU
757793484468211713	@KristelS18 Ac√° tengo pero ugh, la canela no me gusta mucho es que es que me cae pesado, pero se me quitar√°.. Gracias Kris.	N
790675497512558592	Sospechosa tarde navide√±a de octubre... #grinch	N
791005572690681857	@Javi_Guerrero97 vas a ser un gran comunicador	P
797825741144686592	Vean los nuevos emojis #iOS102 El aguacate ü•ë	NEU
797504019329585153	La vida es demasiado corta para seguir las reglas...	NEU
794754276660748288	Tan s√≥lo es un mal d√≠a no una mala vida	N
799436785487122433	@AndresCastg verdad? Que triste que se haya llegado a ese punto	N
799448567626743808	El otro a√±o va a ser diferente y tiene que ser diferente	P
801888490036174848	@ushcala que bueno, claro que si, env√≠ame tu direcci√≥n de correo por DM	NEU
796138069451767809	@RacheliuxCastro @jkriptos tenemos pendiente un vac√≠o whisky y habanos. Como que este fin complicado	N
796938829919817728	@La_Llama_ @DosPinosOficial tengo que probarlo. Estoy decepcionado. Ahora el fresco leche sabe a puro sirope.	N
795747254338547712	Cuando no sepas que hacer nada mas hagarra tu celular, unos audifonos y despeja tu mente!	P
775223394996486144	@eliana_gab Lunes: Muerta estudiando Fisiolog√≠a Animal (como ahorita) Puedo s√°bado o domingo ¬øPa' qu√© le soy buena?	N
791738636135964672	Acabo de recordar que existen los queques navide√±os y ya casi es diciembre para verlos por todo lado	P
802536550311440384	@FedeOrtegaV Ojal√° lo consiga, pero tambi√©n ojal√° la empresa del concierto le d√© otra como sorpresa o algo as√≠	P
784013195321061376	@jkriptos @lmongeb Jajajajajajaja! No, soy la que consume no la que las produce. Saludos Jason que disfrute ese s√∫per viaje.	P
777267152197918720	@titabobra Si llegamos , √∫nicamente pedimos un poquito m√°s de tiempo de lo normal y los tel: 2225-3080 / 8827-1559 .	NEU
756194807630798853	El √∫nico senador q se dirigi√≥ en espa√±ol a la audiencia republicana para apoyar a @realDonaldTrump es de padres costarricenses Qu√© pena!	N
755603120034488320	@lenaychantelle Cual es tu helado favorito y comida? Como te parecio Costa Rica cuando viniste y a donde fuiste? Sigueme pls saludos bye	NEU
764523142995783680	@miguesl21 en estas √©pocas no hay que decirle no a ning√∫n trofeo y es conmemorativo para todos los equipos que ganen en la jornada	NEU
779322857750827008	@AleeSeke ooops cierto. Me mata @raqueabr02	N
800926948025319424	@solucionesong ...genial iniciativa que nos puede ayudar	P
794462535084740608	@charito_garcia_ Pues es un buen momento para hacerlo!	P
802591645979930624	@ashzamc Chao con ud!!! En serio no te puedo	N
803224335775367168	Lunes con L de Lindo! Gracias Dios por el trabajo	P
797862382089420805	@stephvald callese mae jajajaja, el carro estaba bastante duro mae Jaja	NEU
802739333828636672	@elchamuko me alegro milord! Feliz regreso a su casa en el averno!	P
806980868841607168	Hola me complacer√≠an con #ParaOlvidarte de @MauYRicky por faaaaa Saludos desde Liberia @azul999fm	NEU
792389968677117952	Hice el huevo frito mas perfecto de la historia y no le tome foto	NEU
797176679848407040	Ocupo el viernes negro para ver si me compro un tele, el m√≠o se da√±√≥	NEU
802617732747366401	Mi mejor amigo me llamo que ya ven√≠a llegando a mi casa Tengo 25 minutos esper√°ndolo	N
791139931485773826	@GermanJBH No me diga eso German, que triste jaja nunca hab√≠a querido los gatos hasta este jaja	N
799445926087716864	Lo malo de las indirectas esque son como un chisme pero a medias! Y as√≠ no se puede..	N
786438206778585088	@PazBloise A mi me operan el lunes las 4 y leer esto es muy poco alentador Que sigas mejor	N
757252258127941632	@francetvinfo @mr_matth @France2tv C√≥mo?Por a√±os √©l ha sido parte del Tour,junto con las bicis y las camisas amarilla. MUCHAS GRACIAS!!	P
795395906682163205	@katty_Loz empezando xq en mi twitter solo jodo a Darkus pasatiempos tengo muchos una cuenta de twitter no me define #UseLaLogica	N
769305893976485888	A m√≠ me dan ganas de volarmelo pero me acuerdo de que mi pelo es un desmadre y me lo dejo quedito	N
755513187957518336	@msroucks Wtf Yo tengo mi biblia firmada por el diablo Okno, pero eso es lo que se me vino a la mente :v	NEU
760177672525783040	Recuerdo cuando le escrib√≠a a mi hermana @Andreagraseq79 para que me motivara y me hiciera sentir √∫til. Dios me dio a la mejor hermana	P
777260686258819072	@atrejoscr se ve fea en general	N
803753329000071168	Odio a mi profesor de estudios sociales	N
794714666928930817	Me siento tan feliz esta semana cerr√≥ bien	P
806850707219484672	Las tenis blancas no se usan todos los d√≠as	N
805623699453935616	@AdriantixYT yo talvez no vuelva a yt por asuntos personales	NEU
786027261325668353	Pero yo hablo caca de todos lados, soy una comemierda democr√°tica	N
804158689821229056	@wheeeing lo mejor es que no s√© ni que voy a estudiar	N
796387096823033857	@mary_robre asi que ahora tenemos una posible nueva carrera armamentista in the making	NEU
793311961186381824	@PauArce21 en serio que una se va a graduar en el tiempo de Dios	N
784856579795513344	@rafa514x ser√° que un "entreno" es un entrenamiento "artesanal"? Digo, como ahora todo es "artesanal"...	N
786065045713219584	@fermeade Gracias a ti hoy soy muy feliz Descansa, que sue√±es bonito. Te quiero un mont√≥n	P
787489428256141312	@OllieGamerz Soy la peor del mundooooo. Se me olvid√≥ la fecha de tu cumplea√±ooooos. Sorryyyy Felicidades bae	NEU
795625717404958720	@Ka_Arroyo_ y c√≥mo mezclan realidad con mundos paralelos, y que es diferente a las dem√°s pel√≠culas de Marvel	P
804773102655852544	@kabek Y suuuuper diferente a sus trabajos anteriores! Tengo que comprarlo tho porque no esta disponible en apple music	NEU
794310305367158789	@Nats_Castro vaya a cafetear sola o por un traguito o as√≠, a veces es lindo darse ese tiempo para uno	P
758120146607091712	@jdclarke totalmente, lo del f√≠sico se deja atr√°s cuando el una persona atractiva en todo sentido. Incluyendo sus propuestas y cerebro	P
779066354758397954	El post que comparti√≥ @LuisLauretto no voy a poder estar tranquila hasta que anuncie qui√©n viene. Y ya estoy pobre #GnR #Metallica	N
755234728156864512	Hoy est√°n participando muchas m√°s mujeres, lo que me alegra mucho. Ya sea para preguntas propias o para hacer preguntas por su pareja	P
755966460355235840	Lo bueno es que voy para Talamanca y Cahuita en una gira, lo malo es que es el finde antes del examen de anal√≠tica	NEU
779475155022123008	@Varce_c que triste es la realidad	N
803324783907794945	@rafa514x te creo, solo ganas de trollear	NEU
802528311226208256	Me gusta dar los buenos d√≠as BUENOS D√çAAAAS!	P
806903754083672064	@tsaitami Descubrir qu√© somos est√° pichudo, dir√≠a el pat√°n	N
796556024299814912	@absa_lon tenga paz bonito que en esta vida Todo Cuesta.	NEU
798018670471614464	@Valavb as√≠ es, aqu√≠ estamos pasando algo similar en estos d√≠as	NEU
799673383017443328	Las canciones de Juanes y Julieta Venegas siempre me hacen muy feliz	P
808143467083862016	@franky2055 que dichoso ya casi terminas, yo apenas voy por el 85 jaja	NEU
792786886578216960	@arirs07 perd√≥n jaja desde la semana pasada estaba por contarte, pero esta no pod√≠a	NEU
807242670267596800	soy la mejor amiga secreta de la vida, quiero el regalo que voy a dar	P
790727328888262660	@Jenyeerimenta Yo a √©l lo amaba desde hace 3 a√±os y ya es demasiado com√∫n jaja	N
790315522558754816	Ese momento en que tienes que decidir algo ya y no tener una idea que es mejor	N
800074815520509956	Suerte nivel, llame a la pizzeria para pasar por una pizza y llueve cuando deje mis sombrilla perdidas	N
792122619348684800	@LuisRonaldMesen @amy_arom es simple! Mejor no arriesgarse, el q la consuma q la disfrute, yo mejor paso y ya	NEU
788748085761417216	@me_mata la historia de tantas en todos los pa√≠ses Latinoamericanos Una mierda nuestra seguridad y ese maldito concepto de "macho"	N
763162519582052352	@nubecina entonces no es indigente ni tiene problemas mentales? Eso no justifica nada. La lanza como 1 mu√±eca a la calle	N
768203766898233345	Aqu√≠ en #Chepe ¬ød√≥nde consigo un buen sart√©n de hierro? Vi unos en Universal marca GIBSON q ni siquiera aparecen en internet	NEU
760585615532437506	Hoy inicia la concachampions 2016-2017 pero realmente no importa porque no esta la @ldacr, en todo caso la voy a seguir porque si	N
775116236912984064	@Manryev ¬°Me alegra much√≠simo que te gustara! Igualmente un placer saludarte La pr√≥xima que veng√°s a SJ avis√° con tiempo y vamos por caf√©	P
795667710050963456	@leonardodiazpor sos mi James gordeon favorito...	P
805274366195990528	Extra√±o mis siestas de todaaaa la tarde	N
796861636732747777	Desde el jueves pasado estoy esperando el entreno	NEU
794750067928399872	D√≠ganle a Hellen que la extra√±o, odio estar sola	N
798087645645651968	@andrest_12 ahh ya ya jajaja. Bueno, buenas noches, que descanse	P
801291354978582528	@titabobra A m√≠ jajaja y veame aqu√≠ con los ojos pelados	NEU
805932294397722624	Ahora s√≠ es oficial... tengo el trabajo m√°s chiva que pod√≠a pedir	P
798386889392799744	Creo que tengo una contractura en los hombros as√≠ o m√°s hecha picha?	N
793476497721823232	@_monsejimenezp Jaja que dichosa! pero entonces cual es la excusa para ser tan repugnante?	N
807009011824467968	@karlillag Es muy duro para un ni√±o verse forzado a ser parte de esos procesos	N
788596794888491008	Mi mam√° me maquill√≥ super chiva para halloween, y todo lo grave en snap snap: nayma_vp	P
788950273771253760	Independientemente del resultado, me queda claro que Tigres va a en la pr√≥xima fase de la CLC	NEU
792895126431420417	millennial memorial: cambiar contrase√±a wifi con el nombre del gatito amigo de boabdil que se acaba de morir	NEU
785744398705364993	@Pandax14Cr @D4rkusPl4y si va comer gallina mejor quedese calladito, tomese sus pastillitas y siga echandole el cuento a youtubers	N
788258714708942852	@mapashito73 excelente por mis eectativas y por supuesto voy a a estar pendiente para verla lo mas pronto posible, gracias	P
763092730163568640	Yo ni se que le hice me deja de hablar de la nada y ni sabe cuanto la extra√±o. Chas gracias	N
774865746639728640	Me faltan 50mil colones la √∫nica manera de hacer toda la entrada de Metallica es literal pichaseandome esta semana trabajar 12 horas	N
760711448544837632	Yo vivo a 25 metros de la Bas√≠lica y sal√≠ a ver el juego de polvora de estos dos d√≠as, muy bonito #nadaquehacer	P
758066276388384768	El horario me quedo tan perfecto y tengo tan buenas eectativas de los profes que ya quiero entrar a clases. Tan #bichoRaro, lo s√©	P
778795757985865730	@SanzZeriTica El Chavo no estaba triste	P
809127790981369860	@cotarola No sal√≠. No puedo manejar: Migra√±a	N
808156606739443712	Yo me quer√≠a graduar con la camisa rosada	NEU
806991938553606147	@gbviquez yo quer√≠a que me dieran la bcr as√≠	NEU
807425510435356672	Puedo so√±ar rid√≠cula pero si llor√© porque @smilinglybybau se fue	N
799202890032168960	Estornud√© y me mord√≠ la lengua porque mi suerte es as√≠	N
797946447580626946	@saywhatmini Hermosa verdad? Ô∏è Me toca quitarlas porque no puedo mostrar caras	NEU
802423538367930368	Le envi√© una foto a Ignacio y me dijo "Que picha m√°s fea"	N
777704983705690112	Misi√≥n cumplida del fin de semana, fastidiar a Mario, en broma verdad, hola feo	NEU
799430917026627584	Mami va a bajar la velocidad del internet pero mejor eso a que lo quite	P
791469610759516160	Soy una anticuada, pero c√≥mo me duele ver o escuchar a gente querida hasta el rabo	N
793925945090449408	#ChampionsxFOX Me pueden mandar un saludo desde Costa Rica viendo al Sporting y a Bryan Ruiz, porfaaa!?	NEU
791127304739094529	@sinceratops no me dijo nada nuevo, tranqui jaja. Si ve m√°s bolsos lindos me los recomienda tambi√©n, porfa	NEU
767053112007733248	X:¬øQu√© perfume usas? Yo: Victoria's Secret X: Ah yo uso uno de Pink que es m√°s caro que ese!	N
778376416530432000	@ang_qs_flp mi coraz√≥n despert√≥! mis pasos siguen lo que dicta tu voz, mi sue√±o siempre va ligado a tu amor	P
756313579872096256	Hola, soy Paulo y soy parte de la primera generaci√≥n que va a tener resoluci√≥n de problemas en bachi de mate	NEU
771207534342320128	Si andan haciendo eso mejor se quedaran calladitas jaja pero as√≠ se est√°n quemando ellas mismas e insinuando que son unas metidas	N
757247192050446337	Mi familia va para la playa y yo por irresponsable tengo que quedarme haciendo los 1000 extra clases que tengo para el martes.	NEU
756354568003457024	@donovanrp excelente, cuando me den el carro lo molesto, igual no conozco a nadie mas q haga Uber asi que el bono es suyo	P
795661212101017601	Llevo m√°s de una semana lesionada	N
806270461080375296	Nadie quiere ir a tomar caf√© conmigo	N
